{"schemaVersion":"1.0","appDefinitionTemplate":{"id":"/providers/Microsoft.PowerApps/apps/","type":"Microsoft.PowerApps/apps","tags":{"minimumRequiredApiVersion":"2.2.0"},"properties":{"appVersion":"2018-10-26T03:07:55Z","lifeCycleId":"Published","createdByClientVersion":{"major":3,"minor":18103,"build":23,"revision":0,"majorRevision":0,"minorRevision":0},"minClientVersion":{"major":3,"minor":18103,"build":23,"revision":0,"majorRevision":0,"minorRevision":0},"backgroundColor":"rgba(0, 176, 240, 1)","backgroundImageUri":"/9869389686841034526/N565578a2-154b-4d04-a7c1-11d94d30044d-logoSmallFile","displayName":"Bing Image Search","description":"","appUris":{"documentUri":{"value":"/9869389686841034526/Na9e0a000-f6a5-4540-b10f-d936b049040f-document.msapp","readonlyValue":"/9869389686841034526/Na9e0a000-f6a5-4540-b10f-d936b049040f-document.msapp"},"imageUris":[]},"createdTime":"0001-01-01T00:00:00Z","lastModifiedTime":"0001-01-01T00:00:00Z","sharedGroupsCount":0,"sharedUsersCount":0,"icons":{"smallIconUri":"/9869389686841034526/N49d78e9e-d72c-424a-a146-80a50a05cdc4-small.png","mediumIconUri":"/9869389686841034526/N1c788c26-3969-4216-a22c-28deb3361812-medium.png","largeIconUri":"/9869389686841034526/Na15c369d-639b-412e-9c52-021002e52dfa-large.png","wideIconUri":"/9869389686841034526/Nac9ddb28-9bb3-4e94-8c74-350fa799a564-wide.png"},"connectionReferences":{"35b10f52-d5cb-4a6e-8f9f-9553daa192fe":{"id":"b681e251-782d-4082-b0ec-0c72b9cc9fed","displayName":"Logic flows","iconUri":"https://resourcestackdeploy.blob.core.windows.net/scripts/13276078.png","dataSources":["BingImageSearch"],"dependencies":[],"dependents":[],"parameterHints":{"workflowName":{"value":"39f745e7-9519-4cda-99ca-c3d901ffc6cb"}},"isOnPremiseConnection":false,"bypassConsent":false,"dataSets":{},"apiTier":"Standard"}},"almMode":"Environment"}}}