{"name":"f268bac4-5d6d-4a77-8ed8-cba920777c21","id":"/providers/Microsoft.Flow/flows/f268bac4-5d6d-4a77-8ed8-cba920777c21","type":"Microsoft.Flow/flows","properties":{"apiId":"/providers/Microsoft.PowerApps/apis/shared_logicflows","displayName":"Bing Image Search","definition":{"metadata":{"creator":{"id":"b076e19e-2637-451c-aa97-d46732eb049e","type":"User","tenantId":"c9e8e454-ead6-40c6-bc93-5b83567d5e1a"},"provisioningMethod":"FromDefinition","failureAlertSubscription":true,"clientLastModifiedTime":"2018-07-31T00:30:59.8164214Z"},"$schema":"https://schema.management.azure.com/providers/Microsoft.Logic/schemas/2016-06-01/workflowdefinition.json#","contentVersion":"1.0.0.0","parameters":{"$authentication":{"defaultValue":{},"type":"SecureObject"}},"triggers":{"manual":{"type":"Request","kind":"PowerApp","inputs":{"schema":{"type":"object","required":["HTTP_Uri","HTTP_Uri_1","HTTP_Uri_2","HTTP_Uri_3","HTTP_Uri_4","HTTP_Uri_5","HTTP_Uri_6","HTTP_Uri_7"],"properties":{"HTTP_Uri":{"type":"string","format":"uri","description":"Enter request URL. This parameter is used as part of \"uri\"","x-ms-powerflows-param-ispartial":true},"HTTP_Uri_1":{"type":"string"},"HTTP_Uri_2":{"type":"string"},"HTTP_Uri_3":{"type":"string"},"HTTP_Uri_4":{"type":"string"},"HTTP_Uri_5":{"type":"string"},"HTTP_Uri_6":{"type":"string"},"HTTP_Uri_7":{"type":"string"}}}}}},"actions":{"Response":{"runAfter":{"HTTP":["Succeeded"]},"type":"Response","kind":"Http","inputs":{"statusCode":200,"body":"@body('HTTP')['value']","schema":{"type":"array","items":{"type":"object","properties":{"webSearchUrl":{"type":"string"},"name":{"type":"string"},"thumbnailUrl":{"type":"string"},"datePublished":{"type":"string"},"contentUrl":{"type":"string"},"hostPageUrl":{"type":"string"},"contentSize":{"type":"string"},"encodingFormat":{"type":"string"},"hostPageDisplayUrl":{"type":"string"},"width":{"type":"integer"},"height":{"type":"integer"},"thumbnail":{"type":"object","properties":{"width":{"type":"integer"},"height":{"type":"integer"}}},"imageInsightsToken":{"type":"string"},"insightsMetadata":{"type":"object","properties":{"recipeSourcesCount":{"type":"integer"},"bestRepresentativeQuery":{"type":"object","properties":{"text":{"type":"string"},"displayText":{"type":"string"},"webSearchUrl":{"type":"string"}}},"pagesIncludingCount":{"type":"integer"},"availableSizesCount":{"type":"integer"}}},"imageId":{"type":"string"},"accentColor":{"type":"string"},"creativeCommons":{"type":"string"}},"required":["webSearchUrl","name","thumbnailUrl","datePublished","contentUrl","hostPageUrl","contentSize","encodingFormat","hostPageDisplayUrl","width","height","thumbnail","imageInsightsToken","insightsMetadata","imageId","accentColor"]}}}},"HTTP":{"runAfter":{},"type":"Http","inputs":{"method":"GET","uri":"https://api.cognitive.microsoft.com/bing/v7.0/images/search?q=@{triggerBody()['HTTP_Uri']}&safeSearch=@{triggerBody()['HTTP_Uri_1']}&mkt=@{triggerBody()['HTTP_Uri_2']}&color=@{triggerBody()['HTTP_Uri_3']}&license=@{triggerBody()['HTTP_Uri_4']}&size=@{triggerBody()['HTTP_Uri_5']}& aspect=@{triggerBody()['HTTP_Uri_6']}&imageType=@{triggerBody()['HTTP_Uri_7']}","headers":{"Ocp-Apim-Subscription-Key":"f394f0ff98544e30b7169f35d06ad95b"}}}},"outputs":{}},"connectionReferences":{},"flowFailureAlertSubscribed":false}}